,type
0,RandomAgent
1,FocusedAgent
2,FocusedAgent
3,FocusedAgent
4,RandomAgent
5,FocusedAgent
6,FocusedAgent
7,RandomAgent
8,FocusedAgent
9,FocusedAgent
10,RandomAgent
11,RandomAgent
12,FocusedAgent
13,FocusedAgent
14,FocusedAgent
15,FocusedAgent
16,FocusedAgent
17,FocusedAgent
18,RandomAgent
19,FocusedAgent
20,FocusedAgent
21,FocusedAgent
22,FocusedAgent
23,FocusedAgent
24,FocusedAgent
25,RandomAgent
26,FocusedAgent
27,FocusedAgent
28,RandomAgent
29,FocusedAgent
30,FocusedAgent
31,FocusedAgent
32,FocusedAgent
33,FocusedAgent
34,FocusedAgent
35,FocusedAgent
36,RandomAgent
37,FocusedAgent
38,RandomAgent
39,FocusedAgent
40,FocusedAgent
41,FocusedAgent
42,RandomAgent
43,FocusedAgent
44,FocusedAgent
45,FocusedAgent
46,FocusedAgent
47,FocusedAgent
48,FocusedAgent
49,RandomAgent
50,FocusedAgent
51,FocusedAgent
52,RandomAgent
53,FocusedAgent
54,RandomAgent
55,FocusedAgent
56,FocusedAgent
57,FocusedAgent
58,FocusedAgent
59,FocusedAgent
60,RandomAgent
61,FocusedAgent
62,FocusedAgent
63,FocusedAgent
64,FocusedAgent
65,RandomAgent
66,FocusedAgent
67,FocusedAgent
68,FocusedAgent
69,FocusedAgent
70,FocusedAgent
71,RandomAgent
72,FocusedAgent
73,FocusedAgent
74,FocusedAgent
75,RandomAgent
76,FocusedAgent
77,FocusedAgent
78,FocusedAgent
79,RandomAgent
80,RandomAgent
81,FocusedAgent
82,FocusedAgent
83,FocusedAgent
84,FocusedAgent
85,RandomAgent
86,FocusedAgent
87,RandomAgent
88,FocusedAgent
89,FocusedAgent
90,FocusedAgent
91,RandomAgent
92,FocusedAgent
93,FocusedAgent
94,FocusedAgent
95,FocusedAgent
96,FocusedAgent
97,RandomAgent
98,FocusedAgent
99,RandomAgent
100,FocusedAgent
101,FocusedAgent
102,FocusedAgent
103,FocusedAgent
104,FocusedAgent
105,FocusedAgent
106,FocusedAgent
107,FocusedAgent
108,FocusedAgent
109,FocusedAgent
110,RandomAgent
111,RandomAgent
112,FocusedAgent
113,FocusedAgent
114,RandomAgent
115,RandomAgent
116,RandomAgent
117,FocusedAgent
118,FocusedAgent
119,FocusedAgent
120,RandomAgent
121,FocusedAgent
122,FocusedAgent
123,RandomAgent
124,FocusedAgent
125,RandomAgent
126,FocusedAgent
127,FocusedAgent
128,FocusedAgent
129,FocusedAgent
130,FocusedAgent
131,FocusedAgent
132,RandomAgent
133,FocusedAgent
134,FocusedAgent
135,FocusedAgent
136,FocusedAgent
137,FocusedAgent
138,RandomAgent
139,FocusedAgent
140,FocusedAgent
141,RandomAgent
142,RandomAgent
143,RandomAgent
144,FocusedAgent
145,FocusedAgent
146,FocusedAgent
147,FocusedAgent
148,FocusedAgent
149,FocusedAgent
150,RandomAgent
151,FocusedAgent
152,FocusedAgent
153,RandomAgent
154,FocusedAgent
155,FocusedAgent
156,RandomAgent
157,FocusedAgent
158,FocusedAgent
159,RandomAgent
160,FocusedAgent
161,RandomAgent
162,FocusedAgent
163,FocusedAgent
164,RandomAgent
165,FocusedAgent
166,RandomAgent
167,FocusedAgent
168,FocusedAgent
169,FocusedAgent
170,FocusedAgent
171,FocusedAgent
172,RandomAgent
173,FocusedAgent
174,RandomAgent
175,RandomAgent
176,FocusedAgent
177,FocusedAgent
178,FocusedAgent
179,FocusedAgent
180,FocusedAgent
181,FocusedAgent
182,FocusedAgent
183,FocusedAgent
184,FocusedAgent
185,FocusedAgent
186,RandomAgent
187,RandomAgent
188,FocusedAgent
189,RandomAgent
190,FocusedAgent
191,FocusedAgent
192,FocusedAgent
193,FocusedAgent
194,FocusedAgent
195,FocusedAgent
196,RandomAgent
197,RandomAgent
198,RandomAgent
199,FocusedAgent
200,FocusedAgent
201,FocusedAgent
202,RandomAgent
203,RandomAgent
204,FocusedAgent
205,FocusedAgent
206,FocusedAgent
207,FocusedAgent
208,FocusedAgent
209,FocusedAgent
210,RandomAgent
211,FocusedAgent
212,FocusedAgent
213,RandomAgent
214,RandomAgent
215,FocusedAgent
216,FocusedAgent
217,FocusedAgent
218,RandomAgent
219,FocusedAgent
220,RandomAgent
221,FocusedAgent
222,FocusedAgent
223,RandomAgent
224,RandomAgent
225,FocusedAgent
226,RandomAgent
227,FocusedAgent
228,FocusedAgent
229,FocusedAgent
230,FocusedAgent
231,FocusedAgent
232,FocusedAgent
233,FocusedAgent
234,FocusedAgent
235,FocusedAgent
236,FocusedAgent
237,FocusedAgent
238,FocusedAgent
239,FocusedAgent
240,FocusedAgent
241,FocusedAgent
242,FocusedAgent
243,FocusedAgent
244,RandomAgent
245,RandomAgent
246,FocusedAgent
247,FocusedAgent
248,FocusedAgent
249,FocusedAgent
250,RandomAgent
251,FocusedAgent
252,FocusedAgent
253,RandomAgent
254,FocusedAgent
255,RandomAgent
256,FocusedAgent
257,FocusedAgent
258,FocusedAgent
259,FocusedAgent
260,FocusedAgent
261,RandomAgent
262,FocusedAgent
263,RandomAgent
264,FocusedAgent
265,FocusedAgent
266,FocusedAgent
267,FocusedAgent
268,FocusedAgent
269,FocusedAgent
270,FocusedAgent
271,FocusedAgent
272,FocusedAgent
273,FocusedAgent
274,RandomAgent
275,RandomAgent
276,FocusedAgent
277,FocusedAgent
278,FocusedAgent
279,FocusedAgent
280,FocusedAgent
281,FocusedAgent
282,FocusedAgent
283,RandomAgent
284,FocusedAgent
285,FocusedAgent
286,FocusedAgent
287,RandomAgent
288,FocusedAgent
289,FocusedAgent
290,FocusedAgent
291,FocusedAgent
292,FocusedAgent
293,FocusedAgent
294,FocusedAgent
295,FocusedAgent
296,FocusedAgent
297,FocusedAgent
298,FocusedAgent
299,FocusedAgent
300,FocusedAgent
301,FocusedAgent
302,FocusedAgent
303,RandomAgent
304,RandomAgent
305,FocusedAgent
306,FocusedAgent
307,FocusedAgent
308,FocusedAgent
309,RandomAgent
310,FocusedAgent
311,FocusedAgent
312,FocusedAgent
313,RandomAgent
314,FocusedAgent
315,FocusedAgent
316,FocusedAgent
317,FocusedAgent
318,FocusedAgent
319,FocusedAgent
320,FocusedAgent
321,FocusedAgent
322,FocusedAgent
323,RandomAgent
324,FocusedAgent
325,FocusedAgent
326,FocusedAgent
327,FocusedAgent
328,FocusedAgent
329,FocusedAgent
330,FocusedAgent
331,RandomAgent
332,RandomAgent
333,FocusedAgent
334,RandomAgent
335,RandomAgent
336,FocusedAgent
337,FocusedAgent
338,RandomAgent
339,FocusedAgent
340,FocusedAgent
341,FocusedAgent
342,FocusedAgent
343,RandomAgent
344,FocusedAgent
345,FocusedAgent
346,FocusedAgent
347,RandomAgent
348,RandomAgent
349,FocusedAgent
350,FocusedAgent
351,FocusedAgent
352,RandomAgent
353,FocusedAgent
354,FocusedAgent
355,FocusedAgent
356,FocusedAgent
357,RandomAgent
358,FocusedAgent
359,RandomAgent
360,FocusedAgent
361,FocusedAgent
362,FocusedAgent
363,RandomAgent
364,RandomAgent
365,RandomAgent
366,FocusedAgent
367,FocusedAgent
368,FocusedAgent
369,FocusedAgent
370,RandomAgent
371,RandomAgent
372,FocusedAgent
373,FocusedAgent
374,FocusedAgent
375,FocusedAgent
376,FocusedAgent
377,FocusedAgent
378,FocusedAgent
379,FocusedAgent
380,FocusedAgent
381,FocusedAgent
382,RandomAgent
383,RandomAgent
384,FocusedAgent
385,RandomAgent
386,RandomAgent
387,FocusedAgent
388,FocusedAgent
389,FocusedAgent
390,FocusedAgent
391,FocusedAgent
392,RandomAgent
393,FocusedAgent
394,FocusedAgent
395,FocusedAgent
396,FocusedAgent
397,FocusedAgent
398,FocusedAgent
399,FocusedAgent
400,FocusedAgent
401,FocusedAgent
402,FocusedAgent
403,RandomAgent
404,RandomAgent
405,FocusedAgent
406,FocusedAgent
407,FocusedAgent
408,FocusedAgent
409,RandomAgent
410,RandomAgent
411,FocusedAgent
412,RandomAgent
413,FocusedAgent
414,RandomAgent
415,FocusedAgent
416,RandomAgent
417,FocusedAgent
418,FocusedAgent
419,FocusedAgent
420,FocusedAgent
421,FocusedAgent
422,FocusedAgent
423,FocusedAgent
424,FocusedAgent
425,RandomAgent
426,FocusedAgent
427,FocusedAgent
428,RandomAgent
429,FocusedAgent
430,FocusedAgent
431,FocusedAgent
432,FocusedAgent
433,FocusedAgent
434,FocusedAgent
435,FocusedAgent
436,FocusedAgent
437,FocusedAgent
438,FocusedAgent
439,FocusedAgent
440,RandomAgent
441,FocusedAgent
442,FocusedAgent
443,FocusedAgent
444,FocusedAgent
445,FocusedAgent
446,RandomAgent
447,FocusedAgent
448,FocusedAgent
449,FocusedAgent
450,FocusedAgent
451,FocusedAgent
452,FocusedAgent
453,FocusedAgent
454,FocusedAgent
455,RandomAgent
456,RandomAgent
457,RandomAgent
458,RandomAgent
459,FocusedAgent
460,FocusedAgent
461,FocusedAgent
462,FocusedAgent
463,FocusedAgent
464,FocusedAgent
465,FocusedAgent
466,RandomAgent
467,FocusedAgent
468,FocusedAgent
469,FocusedAgent
470,FocusedAgent
471,FocusedAgent
472,FocusedAgent
473,FocusedAgent
474,FocusedAgent
475,FocusedAgent
476,FocusedAgent
477,FocusedAgent
478,FocusedAgent
479,RandomAgent
480,RandomAgent
481,FocusedAgent
482,FocusedAgent
483,FocusedAgent
484,RandomAgent
485,FocusedAgent
486,FocusedAgent
487,FocusedAgent
488,FocusedAgent
489,FocusedAgent
490,FocusedAgent
491,FocusedAgent
492,FocusedAgent
493,RandomAgent
494,RandomAgent
495,RandomAgent
496,FocusedAgent
497,FocusedAgent
498,RandomAgent
499,FocusedAgent
500,FocusedAgent
501,FocusedAgent
502,RandomAgent
503,FocusedAgent
504,FocusedAgent
505,FocusedAgent
506,RandomAgent
507,RandomAgent
508,RandomAgent
509,FocusedAgent
510,RandomAgent
511,FocusedAgent
512,RandomAgent
513,FocusedAgent
514,RandomAgent
515,FocusedAgent
516,FocusedAgent
517,FocusedAgent
518,FocusedAgent
519,FocusedAgent
520,FocusedAgent
521,FocusedAgent
522,FocusedAgent
523,FocusedAgent
524,RandomAgent
525,FocusedAgent
526,FocusedAgent
527,RandomAgent
528,FocusedAgent
529,FocusedAgent
530,FocusedAgent
531,FocusedAgent
532,FocusedAgent
533,FocusedAgent
534,FocusedAgent
535,FocusedAgent
536,FocusedAgent
537,RandomAgent
538,FocusedAgent
539,FocusedAgent
540,FocusedAgent
541,FocusedAgent
542,FocusedAgent
543,FocusedAgent
544,FocusedAgent
545,FocusedAgent
546,FocusedAgent
547,FocusedAgent
548,FocusedAgent
549,FocusedAgent
550,FocusedAgent
551,FocusedAgent
552,FocusedAgent
553,FocusedAgent
554,FocusedAgent
555,FocusedAgent
556,FocusedAgent
557,FocusedAgent
558,RandomAgent
559,FocusedAgent
560,FocusedAgent
561,RandomAgent
562,FocusedAgent
563,FocusedAgent
564,FocusedAgent
565,RandomAgent
566,FocusedAgent
567,FocusedAgent
568,RandomAgent
569,FocusedAgent
570,FocusedAgent
571,FocusedAgent
572,FocusedAgent
573,FocusedAgent
574,RandomAgent
575,FocusedAgent
576,RandomAgent
577,RandomAgent
578,FocusedAgent
579,FocusedAgent
580,FocusedAgent
581,FocusedAgent
582,FocusedAgent
583,FocusedAgent
584,FocusedAgent
585,FocusedAgent
586,RandomAgent
587,FocusedAgent
588,FocusedAgent
589,FocusedAgent
590,FocusedAgent
591,FocusedAgent
592,FocusedAgent
593,FocusedAgent
594,FocusedAgent
595,FocusedAgent
596,RandomAgent
597,RandomAgent
598,RandomAgent
599,FocusedAgent
600,FocusedAgent
601,FocusedAgent
602,RandomAgent
603,FocusedAgent
604,FocusedAgent
605,RandomAgent
606,FocusedAgent
607,FocusedAgent
608,FocusedAgent
609,FocusedAgent
610,RandomAgent
611,RandomAgent
612,FocusedAgent
613,RandomAgent
614,RandomAgent
615,FocusedAgent
616,FocusedAgent
617,FocusedAgent
618,FocusedAgent
619,RandomAgent
620,RandomAgent
621,RandomAgent
622,RandomAgent
623,RandomAgent
624,FocusedAgent
625,FocusedAgent
626,FocusedAgent
627,FocusedAgent
628,FocusedAgent
629,FocusedAgent
630,FocusedAgent
631,RandomAgent
632,RandomAgent
633,FocusedAgent
634,FocusedAgent
635,FocusedAgent
636,RandomAgent
637,FocusedAgent
638,FocusedAgent
639,FocusedAgent
640,FocusedAgent
641,FocusedAgent
642,FocusedAgent
643,FocusedAgent
644,FocusedAgent
645,FocusedAgent
646,FocusedAgent
647,FocusedAgent
648,FocusedAgent
649,FocusedAgent
650,FocusedAgent
651,FocusedAgent
652,FocusedAgent
653,RandomAgent
654,FocusedAgent
655,FocusedAgent
656,FocusedAgent
657,FocusedAgent
658,FocusedAgent
659,FocusedAgent
660,RandomAgent
661,RandomAgent
662,RandomAgent
663,FocusedAgent
664,FocusedAgent
665,FocusedAgent
666,FocusedAgent
667,RandomAgent
668,FocusedAgent
669,RandomAgent
670,FocusedAgent
671,FocusedAgent
672,FocusedAgent
673,FocusedAgent
674,FocusedAgent
675,FocusedAgent
676,FocusedAgent
677,FocusedAgent
678,RandomAgent
679,FocusedAgent
680,RandomAgent
681,RandomAgent
682,RandomAgent
683,RandomAgent
684,FocusedAgent
685,FocusedAgent
686,FocusedAgent
687,RandomAgent
688,FocusedAgent
689,FocusedAgent
690,FocusedAgent
691,RandomAgent
692,FocusedAgent
693,FocusedAgent
694,FocusedAgent
695,FocusedAgent
696,FocusedAgent
697,FocusedAgent
698,FocusedAgent
699,FocusedAgent
700,RandomAgent
701,RandomAgent
702,FocusedAgent
703,RandomAgent
704,FocusedAgent
705,FocusedAgent
706,FocusedAgent
707,RandomAgent
708,FocusedAgent
709,FocusedAgent
710,FocusedAgent
711,RandomAgent
712,FocusedAgent
713,RandomAgent
714,RandomAgent
715,RandomAgent
716,FocusedAgent
717,FocusedAgent
718,RandomAgent
719,FocusedAgent
720,RandomAgent
721,FocusedAgent
722,FocusedAgent
723,FocusedAgent
724,FocusedAgent
725,FocusedAgent
726,FocusedAgent
727,FocusedAgent
728,RandomAgent
729,FocusedAgent
730,FocusedAgent
731,FocusedAgent
732,FocusedAgent
733,FocusedAgent
734,FocusedAgent
735,FocusedAgent
736,FocusedAgent
737,FocusedAgent
738,FocusedAgent
739,FocusedAgent
740,FocusedAgent
741,FocusedAgent
742,RandomAgent
743,FocusedAgent
744,FocusedAgent
745,FocusedAgent
746,FocusedAgent
747,FocusedAgent
748,FocusedAgent
749,FocusedAgent
750,FocusedAgent
751,FocusedAgent
752,FocusedAgent
753,FocusedAgent
754,FocusedAgent
755,FocusedAgent
756,FocusedAgent
757,FocusedAgent
758,FocusedAgent
759,FocusedAgent
760,RandomAgent
761,FocusedAgent
762,FocusedAgent
763,FocusedAgent
764,FocusedAgent
765,FocusedAgent
766,RandomAgent
767,FocusedAgent
768,FocusedAgent
769,FocusedAgent
770,FocusedAgent
771,FocusedAgent
772,RandomAgent
773,RandomAgent
774,FocusedAgent
775,RandomAgent
776,FocusedAgent
777,FocusedAgent
778,FocusedAgent
779,FocusedAgent
780,FocusedAgent
781,FocusedAgent
782,FocusedAgent
783,FocusedAgent
784,FocusedAgent
785,FocusedAgent
786,FocusedAgent
787,FocusedAgent
788,FocusedAgent
789,RandomAgent
790,FocusedAgent
791,FocusedAgent
792,FocusedAgent
793,RandomAgent
794,FocusedAgent
795,FocusedAgent
796,FocusedAgent
797,FocusedAgent
798,RandomAgent
799,FocusedAgent
800,RandomAgent
801,FocusedAgent
802,RandomAgent
803,FocusedAgent
804,RandomAgent
805,FocusedAgent
806,FocusedAgent
807,FocusedAgent
808,FocusedAgent
809,RandomAgent
810,FocusedAgent
811,FocusedAgent
812,RandomAgent
813,FocusedAgent
814,RandomAgent
815,FocusedAgent
816,RandomAgent
817,RandomAgent
818,RandomAgent
819,FocusedAgent
820,FocusedAgent
821,FocusedAgent
822,FocusedAgent
823,FocusedAgent
824,RandomAgent
825,FocusedAgent
826,RandomAgent
827,FocusedAgent
828,FocusedAgent
829,FocusedAgent
830,FocusedAgent
831,FocusedAgent
832,FocusedAgent
833,FocusedAgent
834,FocusedAgent
835,FocusedAgent
836,RandomAgent
837,FocusedAgent
838,FocusedAgent
839,RandomAgent
840,FocusedAgent
841,FocusedAgent
842,FocusedAgent
843,FocusedAgent
844,RandomAgent
845,FocusedAgent
846,FocusedAgent
847,FocusedAgent
848,FocusedAgent
849,FocusedAgent
850,FocusedAgent
851,FocusedAgent
852,FocusedAgent
853,FocusedAgent
854,RandomAgent
855,FocusedAgent
856,FocusedAgent
857,FocusedAgent
858,FocusedAgent
859,RandomAgent
860,FocusedAgent
861,FocusedAgent
862,FocusedAgent
863,RandomAgent
864,FocusedAgent
865,FocusedAgent
866,RandomAgent
867,FocusedAgent
868,FocusedAgent
869,RandomAgent
870,FocusedAgent
871,FocusedAgent
872,FocusedAgent
873,FocusedAgent
874,RandomAgent
875,FocusedAgent
876,FocusedAgent
877,RandomAgent
878,FocusedAgent
879,RandomAgent
880,RandomAgent
881,FocusedAgent
882,FocusedAgent
883,RandomAgent
884,FocusedAgent
885,RandomAgent
886,FocusedAgent
887,FocusedAgent
888,FocusedAgent
889,FocusedAgent
890,FocusedAgent
891,FocusedAgent
892,FocusedAgent
893,FocusedAgent
894,FocusedAgent
895,FocusedAgent
896,RandomAgent
897,FocusedAgent
898,FocusedAgent
899,RandomAgent
900,FocusedAgent
901,FocusedAgent
902,FocusedAgent
903,FocusedAgent
904,FocusedAgent
905,FocusedAgent
906,RandomAgent
907,RandomAgent
908,RandomAgent
909,RandomAgent
910,FocusedAgent
911,RandomAgent
912,RandomAgent
913,FocusedAgent
914,FocusedAgent
915,RandomAgent
916,FocusedAgent
917,RandomAgent
918,FocusedAgent
919,FocusedAgent
920,RandomAgent
921,RandomAgent
922,FocusedAgent
923,FocusedAgent
924,RandomAgent
925,RandomAgent
926,FocusedAgent
927,FocusedAgent
928,FocusedAgent
929,FocusedAgent
930,FocusedAgent
931,RandomAgent
932,RandomAgent
933,FocusedAgent
934,FocusedAgent
935,FocusedAgent
936,RandomAgent
937,FocusedAgent
938,RandomAgent
939,FocusedAgent
940,FocusedAgent
941,FocusedAgent
942,FocusedAgent
943,FocusedAgent
944,FocusedAgent
945,FocusedAgent
946,RandomAgent
947,FocusedAgent
948,RandomAgent
949,RandomAgent
950,FocusedAgent
951,FocusedAgent
952,FocusedAgent
953,FocusedAgent
954,FocusedAgent
955,FocusedAgent
956,RandomAgent
957,FocusedAgent
958,FocusedAgent
959,FocusedAgent
960,FocusedAgent
961,RandomAgent
962,FocusedAgent
963,RandomAgent
964,RandomAgent
965,FocusedAgent
966,RandomAgent
967,RandomAgent
968,FocusedAgent
969,FocusedAgent
970,FocusedAgent
971,RandomAgent
972,FocusedAgent
973,FocusedAgent
974,FocusedAgent
975,FocusedAgent
976,RandomAgent
977,FocusedAgent
978,RandomAgent
979,FocusedAgent
980,FocusedAgent
981,FocusedAgent
982,FocusedAgent
983,FocusedAgent
984,RandomAgent
985,FocusedAgent
986,FocusedAgent
987,RandomAgent
988,FocusedAgent
989,FocusedAgent
990,FocusedAgent
991,FocusedAgent
992,FocusedAgent
993,FocusedAgent
994,RandomAgent
995,FocusedAgent
996,FocusedAgent
997,RandomAgent
998,RandomAgent
999,FocusedAgent
1000,RandomAgent
